{
  "A1_global_accuracy": 65.71,
  "A2_rounds_to_target": null,
  "B1_accuracy_variance": 0.139713,
  "B2_gini_coefficient": 0.109835,
  "B3_participation_fairness": 10.0,
  "accuracy_history": [
    16.41,
    37.14,
    45.82,
    49.93,
    55.269999999999996,
    57.86,
    60.19,
    63.080000000000005,
    64.18,
    61.95,
    65.19,
    63.2,
    64.96,
    64.74,
    65.91,
    66.09,
    65.77,
    65.25,
    65.28,
    65.71000000000001
  ],
  "per_client_final": [
    0.4513134851138354,
    0.7772277227722773,
    0.7172165234266704,
    0.6907612031921424,
    0.9100769327784084,
    0.8097188097188097,
    0.6453588048003919,
    0.6751748251748252,
    0.9222553973357832,
    0.5575589459084604
  ],
  "target_accuracy": 70.0,
  "target_reached": false,
  "experiment_id": "performance_cifar10_a0.5_s42",
  "strategy": "performance",
  "dataset": "cifar10",
  "alpha": 0.5,
  "seed": 42,
  "total_time_seconds": 506.8,
  "global_accuracy": 65.71,
  "gini_coefficient": 0.109835
}