{
  "A1_global_accuracy": 97.53,
  "A2_rounds_to_target": 4,
  "B1_accuracy_variance": 0.015935,
  "B2_gini_coefficient": 0.008951,
  "B3_participation_fairness": 1.0,
  "accuracy_history": [
    49.769999999999996,
    73.92999999999999,
    78.96,
    87.38,
    85.28999999999999,
    87.1,
    94.43,
    92.47,
    91.93,
    92.19000000000001,
    94.69999999999999,
    95.12,
    94.56,
    95.23,
    97.39,
    94.89999999999999,
    95.00999999999999,
    97.6,
    97.98,
    97.53
  ],
  "per_client_final": [
    0.9765567765567765,
    0.9657399606852007,
    1.0,
    0.9993120055039559,
    0.9726241689479859,
    0.9693232131562303,
    0.9663157894736842,
    0.9487677081311857,
    0.9765568819214727,
    0.9969097651421508
  ],
  "target_accuracy": 85.0,
  "target_reached": true,
  "experiment_id": "fairness_mnist_a0.1_s456",
  "strategy": "fairness",
  "dataset": "mnist",
  "alpha": 0.1,
  "seed": 456,
  "total_time_seconds": 329.31,
  "global_accuracy": 97.53,
  "gini_coefficient": 0.008951
}