{
  "A1_global_accuracy": 69.85,
  "A2_rounds_to_target": null,
  "B1_accuracy_variance": 0.130412,
  "B2_gini_coefficient": 0.091309,
  "B3_participation_fairness": 10.0,
  "accuracy_history": [
    20.46,
    40.67,
    50.96000000000001,
    56.69,
    60.099999999999994,
    62.41,
    63.82,
    64.96,
    66.64999999999999,
    66.33,
    66.86,
    67.94,
    69.33,
    68.30000000000001,
    68.58,
    69.64,
    68.67999999999999,
    69.32000000000001,
    69.19999999999999,
    69.85
  ],
  "per_client_final": [
    0.8887126619085381,
    0.6473022912047303,
    0.875222816399287,
    0.68776217399234,
    0.9592619656558276,
    0.701852265119393,
    0.6046248016322829,
    0.8982377761231075,
    0.6847697756788665,
    0.9593604263824117
  ],
  "target_accuracy": 70.0,
  "target_reached": false,
  "experiment_id": "performance_cifar10_a1.0_s42",
  "strategy": "performance",
  "dataset": "cifar10",
  "alpha": 1.0,
  "seed": 42,
  "total_time_seconds": 395.0,
  "global_accuracy": 69.85,
  "gini_coefficient": 0.091309
}