{
  "A1_global_accuracy": 98.75,
  "A2_rounds_to_target": 4,
  "B1_accuracy_variance": 0.008666,
  "B2_gini_coefficient": 0.004812,
  "B3_participation_fairness": 2.19089,
  "accuracy_history": [
    62.529999999999994,
    72.05,
    77.44,
    92.96,
    95.8,
    94.06,
    97.08,
    96.47,
    96.83,
    96.99,
    94.63000000000001,
    97.42,
    96.57,
    97.86,
    98.56,
    97.69,
    98.47,
    97.48,
    97.65,
    98.75
  ],
  "per_client_final": [
    0.9858293970547374,
    0.9838788470933073,
    0.966789667896679,
    0.9970143683523045,
    0.9818884327457136,
    0.9903846153846154,
    0.9809523809523809,
    0.9798630688683044,
    0.9889364739471805,
    0.9983302229643454
  ],
  "target_accuracy": 85.0,
  "target_reached": true,
  "experiment_id": "random_mnist_a0.1_s123",
  "strategy": "random",
  "dataset": "mnist",
  "alpha": 0.1,
  "seed": 123,
  "total_time_seconds": 339.76,
  "global_accuracy": 98.75,
  "gini_coefficient": 0.004812
}