{
  "A1_global_accuracy": 99.35,
  "A2_rounds_to_target": 1,
  "B1_accuracy_variance": 0.001062,
  "B2_gini_coefficient": 0.000539,
  "B3_participation_fairness": 2.19089,
  "accuracy_history": [
    97.31,
    98.42999999999999,
    98.87,
    99.03,
    99.1,
    99.17,
    99.07000000000001,
    99.27,
    99.15,
    99.25,
    99.28,
    99.25,
    99.31,
    99.33999999999999,
    99.28,
    99.36,
    99.29,
    99.36,
    99.28,
    99.35000000000001
  ],
  "per_client_final": [
    0.9992874109263657,
    0.9981941309255079,
    0.9973972857408441,
    0.9988417882788974,
    0.998233562315996,
    0.9987041036717063,
    0.9980942480942481,
    0.9952958653131964,
    0.9974667511082964,
    0.9985915492957746
  ],
  "target_accuracy": 85.0,
  "target_reached": true,
  "experiment_id": "random_mnist_a1.0_s123",
  "strategy": "random",
  "dataset": "mnist",
  "alpha": 1.0,
  "seed": 123,
  "total_time_seconds": 276.64,
  "global_accuracy": 99.35,
  "gini_coefficient": 0.000539
}