{
  "A1_global_accuracy": 39.73,
  "A2_rounds_to_target": null,
  "B1_accuracy_variance": 0.297719,
  "B2_gini_coefficient": 0.381083,
  "B3_participation_fairness": 10.0,
  "accuracy_history": [
    25.290000000000003,
    23.31,
    28.23,
    30.86,
    31.290000000000003,
    30.959999999999997,
    34.54,
    35.730000000000004,
    36.730000000000004,
    37.81,
    36.53,
    37.330000000000005,
    38.36,
    38.5,
    39.06,
    39.300000000000004,
    38.67,
    39.92,
    38.86,
    39.73
  ],
  "per_client_final": [
    0.5262745098039215,
    0.21975406584688614,
    0.669952850407201,
    0.6195255474452555,
    0.2513397078911422,
    0.7652033830044301,
    0.004956896551724138,
    0.39251676667843277,
    0.05694418342416839,
    0.9558451816745656
  ],
  "target_accuracy": 70.0,
  "target_reached": false,
  "experiment_id": "performance_cifar10_a0.1_s456",
  "strategy": "performance",
  "dataset": "cifar10",
  "alpha": 0.1,
  "seed": 456,
  "total_time_seconds": 658.49,
  "global_accuracy": 39.73,
  "gini_coefficient": 0.381083
}