{
  "A1_global_accuracy": 98.11,
  "A2_rounds_to_target": 2,
  "B1_accuracy_variance": 0.013534,
  "B2_gini_coefficient": 0.007783,
  "B3_participation_fairness": 10.0,
  "accuracy_history": [
    60.42999999999999,
    86.39,
    82.77,
    92.24,
    89.53,
    95.62,
    94.5,
    95.64,
    96.3,
    96.98,
    96.99,
    97.02,
    97.6,
    97.78,
    97.82,
    97.88,
    97.87,
    97.85000000000001,
    98.2,
    98.11
  ],
  "per_client_final": [
    0.9870848708487084,
    0.974352711284807,
    0.9686066167592369,
    0.9978391120715058,
    0.9976674752752379,
    0.9841622672964713,
    0.9657051282051282,
    0.9814418272662384,
    0.9746274667740636,
    0.9523809523809523
  ],
  "target_accuracy": 85.0,
  "target_reached": true,
  "experiment_id": "performance_mnist_a0.1_s123",
  "strategy": "performance",
  "dataset": "mnist",
  "alpha": 0.1,
  "seed": 123,
  "total_time_seconds": 326.97,
  "global_accuracy": 98.11,
  "gini_coefficient": 0.007783
}