{
  "A1_global_accuracy": 61.89,
  "A2_rounds_to_target": null,
  "B1_accuracy_variance": 0.056831,
  "B2_gini_coefficient": 0.044077,
  "B3_participation_fairness": 1.788854,
  "accuracy_history": [
    10.03,
    36.47,
    35.39,
    37.08,
    41.410000000000004,
    46.35,
    39.04,
    48.99,
    45.92,
    41.02,
    55.42,
    44.83,
    51.78,
    56.34,
    49.44,
    50.82,
    50.63999999999999,
    54.39000000000001,
    51.4,
    61.89
  ],
  "per_client_final": [
    0.6528301886792452,
    0.6676365264100269,
    0.6693558097531608,
    0.6816949987681695,
    0.5333404573626843,
    0.7366659227850926,
    0.7540199470791777,
    0.6953125,
    0.6423274386765545,
    0.6528846153846154
  ],
  "target_accuracy": 70.0,
  "target_reached": false,
  "experiment_id": "fairness_cifar10_a0.1_s42",
  "strategy": "fairness",
  "dataset": "cifar10",
  "alpha": 0.1,
  "seed": 42,
  "total_time_seconds": 515.87,
  "global_accuracy": 61.89,
  "gini_coefficient": 0.044077
}