{
  "A1_global_accuracy": 99.18,
  "A2_rounds_to_target": 1,
  "B1_accuracy_variance": 0.002064,
  "B2_gini_coefficient": 0.001135,
  "B3_participation_fairness": 1.788854,
  "accuracy_history": [
    95.8,
    98.38,
    98.55000000000001,
    98.82,
    99.05000000000001,
    99.05000000000001,
    99.08,
    99.0,
    99.18,
    99.21,
    99.19,
    99.31,
    99.32,
    99.29,
    99.29,
    99.26,
    99.26,
    99.29,
    99.33999999999999,
    99.18
  ],
  "per_client_final": [
    0.9952864928560907,
    0.9990204310103554,
    0.9971876255524307,
    0.9977080394922426,
    0.9927097874980612,
    0.9994216310005783,
    0.9971127472210192,
    0.9982275788727402,
    0.9952742962810767,
    0.9995506964205482
  ],
  "target_accuracy": 85.0,
  "target_reached": true,
  "experiment_id": "fairness_mnist_a1.0_s42",
  "strategy": "fairness",
  "dataset": "mnist",
  "alpha": 1.0,
  "seed": 42,
  "total_time_seconds": 230.78,
  "global_accuracy": 99.18,
  "gini_coefficient": 0.001135
}