{
  "A1_global_accuracy": 99.14,
  "A2_rounds_to_target": 1,
  "B1_accuracy_variance": 0.004778,
  "B2_gini_coefficient": 0.002534,
  "B3_participation_fairness": 10.0,
  "accuracy_history": [
    96.83,
    98.39,
    98.92,
    98.99,
    99.0,
    99.07000000000001,
    99.14,
    99.18,
    99.06,
    99.17,
    98.42999999999999,
    99.1,
    99.16,
    99.14,
    99.1,
    99.17,
    99.15,
    99.13,
    99.14,
    99.14
  ],
  "per_client_final": [
    1.0,
    0.9916341327384273,
    1.0,
    0.9998841788278897,
    0.9900965585540975,
    0.9890088321884201,
    0.9913480885311872,
    0.9994802494802495,
    0.9998560115190784,
    0.9898670044331855
  ],
  "target_accuracy": 85.0,
  "target_reached": true,
  "experiment_id": "performance_mnist_a1.0_s123",
  "strategy": "performance",
  "dataset": "mnist",
  "alpha": 1.0,
  "seed": 123,
  "total_time_seconds": 269.18,
  "global_accuracy": 99.14,
  "gini_coefficient": 0.002534
}