{
  "A1_global_accuracy": 66.83,
  "A2_rounds_to_target": 13,
  "B1_accuracy_variance": 0.079479,
  "B2_gini_coefficient": 0.060276,
  "B3_participation_fairness": 1.48324,
  "accuracy_history": [
    12.16,
    30.25,
    41.68,
    52.769999999999996,
    57.720000000000006,
    50.27,
    63.800000000000004,
    61.01,
    66.64,
    67.85,
    69.1,
    68.02,
    71.31,
    70.15,
    68.22,
    68.97,
    70.59,
    70.26,
    65.71000000000001,
    66.83
  ],
  "per_client_final": [
    0.8602115003304692,
    0.8796590007930214,
    0.7328403488813046,
    0.6713469776297002,
    0.7161290322580646,
    0.6724762335898596,
    0.7964125560538117,
    0.7913474538080216,
    0.7506024096385542,
    0.6207101765522713
  ],
  "target_accuracy": 70.0,
  "target_reached": true,
  "experiment_id": "fairness_cifar10_a0.5_s123",
  "strategy": "fairness",
  "dataset": "cifar10",
  "alpha": 0.5,
  "seed": 123,
  "total_time_seconds": 488.46,
  "global_accuracy": 66.83,
  "gini_coefficient": 0.060276
}