{
  "A1_global_accuracy": 99.13,
  "A2_rounds_to_target": 1,
  "B1_accuracy_variance": 0.001833,
  "B2_gini_coefficient": 0.000995,
  "B3_participation_fairness": 1.0,
  "accuracy_history": [
    94.42,
    97.74000000000001,
    98.37,
    98.8,
    98.76,
    98.7,
    98.71,
    98.9,
    99.03999999999999,
    99.05000000000001,
    99.11999999999999,
    99.16,
    98.92,
    98.99,
    99.19,
    99.16,
    99.3,
    99.16,
    99.11,
    99.13
  ],
  "per_client_final": [
    0.9921507064364207,
    0.9940999082207945,
    0.9962987154365338,
    0.9986668444207439,
    0.997130242825607,
    0.9956089669516986,
    0.9977360931435963,
    0.9958342234565264,
    0.9976723366159356,
    0.9971126082771896
  ],
  "target_accuracy": 85.0,
  "target_reached": true,
  "experiment_id": "fairness_mnist_a0.5_s456",
  "strategy": "fairness",
  "dataset": "mnist",
  "alpha": 0.5,
  "seed": 456,
  "total_time_seconds": 261.76,
  "global_accuracy": 99.13,
  "gini_coefficient": 0.000995
}