{
  "A1_global_accuracy": 99.19,
  "A2_rounds_to_target": 1,
  "B1_accuracy_variance": 0.001503,
  "B2_gini_coefficient": 0.000856,
  "B3_participation_fairness": 1.0,
  "accuracy_history": [
    96.21,
    98.19,
    98.78,
    98.8,
    99.03999999999999,
    99.03,
    99.19,
    99.05000000000001,
    99.07000000000001,
    99.02,
    99.14,
    99.19,
    99.24,
    99.15,
    99.21,
    99.13,
    99.22999999999999,
    99.22999999999999,
    99.17,
    99.19
  ],
  "per_client_final": [
    0.9980991373007749,
    0.9958263772954925,
    0.995926319518243,
    0.9991294254207778,
    0.9968524347343085,
    0.9948087123349509,
    0.9977079240340537,
    0.9951104100946372,
    0.9985401459854014,
    0.9987600743955363
  ],
  "target_accuracy": 85.0,
  "target_reached": true,
  "experiment_id": "fairness_mnist_a1.0_s456",
  "strategy": "fairness",
  "dataset": "mnist",
  "alpha": 1.0,
  "seed": 456,
  "total_time_seconds": 247.62,
  "global_accuracy": 99.19,
  "gini_coefficient": 0.000856
}