{
  "A1_global_accuracy": 67.37,
  "A2_rounds_to_target": null,
  "B1_accuracy_variance": 0.10429,
  "B2_gini_coefficient": 0.077487,
  "B3_participation_fairness": 10.0,
  "accuracy_history": [
    16.950000000000003,
    37.21,
    43.25,
    47.870000000000005,
    51.04,
    56.00000000000001,
    58.60999999999999,
    61.19,
    62.970000000000006,
    63.89,
    64.02,
    64.37,
    65.83,
    65.53,
    65.4,
    65.75,
    66.38,
    66.49000000000001,
    66.32000000000001,
    67.36999999999999
  ],
  "per_client_final": [
    0.8363228699551569,
    0.8046926635822869,
    0.7156626506024096,
    0.6188719657306044,
    0.8951229183187946,
    0.8621539628365567,
    0.5822257488593533,
    0.6828522920203736,
    0.7521502942507922,
    0.8731410545290671
  ],
  "target_accuracy": 70.0,
  "target_reached": false,
  "experiment_id": "performance_cifar10_a0.5_s123",
  "strategy": "performance",
  "dataset": "cifar10",
  "alpha": 0.5,
  "seed": 123,
  "total_time_seconds": 521.1,
  "global_accuracy": 67.37,
  "gini_coefficient": 0.077487
}