{
  "A1_global_accuracy": 71.99,
  "A2_rounds_to_target": 12,
  "B1_accuracy_variance": 0.086358,
  "B2_gini_coefficient": 0.060269,
  "B3_participation_fairness": 1.0,
  "accuracy_history": [
    11.85,
    37.76,
    52.239999999999995,
    61.25000000000001,
    57.24,
    60.35,
    67.53,
    64.35,
    64.7,
    66.78,
    65.41,
    70.78,
    71.08,
    64.96,
    67.52,
    66.41,
    72.52,
    70.28999999999999,
    68.86,
    71.99
  ],
  "per_client_final": [
    0.7560838847145901,
    0.8774887016000977,
    0.6270676691729323,
    0.8737758433079434,
    0.8941595832190842,
    0.8348623853211009,
    0.8560077052732964,
    0.7081421043685194,
    0.8139833226427197,
    0.7011494252873564
  ],
  "target_accuracy": 70.0,
  "target_reached": true,
  "experiment_id": "fairness_cifar10_a0.5_s456",
  "strategy": "fairness",
  "dataset": "cifar10",
  "alpha": 0.5,
  "seed": 456,
  "total_time_seconds": 486.28,
  "global_accuracy": 71.99,
  "gini_coefficient": 0.060269
}