{
  "A1_global_accuracy": 98.91,
  "A2_rounds_to_target": 1,
  "B1_accuracy_variance": 0.006031,
  "B2_gini_coefficient": 0.003339,
  "B3_participation_fairness": 10.0,
  "accuracy_history": [
    92.58,
    97.6,
    98.16,
    98.15,
    98.37,
    98.61999999999999,
    98.53,
    98.81,
    98.72999999999999,
    98.83,
    98.72999999999999,
    98.76,
    98.8,
    98.88,
    98.89,
    98.97,
    98.97,
    98.94,
    98.78,
    98.91
  ],
  "per_client_final": [
    0.998212689901698,
    0.983753167387092,
    0.9995114006514658,
    0.986565671001858,
    0.9953917050691244,
    0.9867249726690613,
    0.9849215922798552,
    0.9984440986885975,
    0.9960908868800391,
    0.9870402802101577
  ],
  "target_accuracy": 85.0,
  "target_reached": true,
  "experiment_id": "performance_mnist_a0.5_s42",
  "strategy": "performance",
  "dataset": "mnist",
  "alpha": 0.5,
  "seed": 42,
  "total_time_seconds": 229.99,
  "global_accuracy": 98.91,
  "gini_coefficient": 0.003339
}