{
  "A1_global_accuracy": 99.32,
  "A2_rounds_to_target": 1,
  "B1_accuracy_variance": 0.001735,
  "B2_gini_coefficient": 0.000952,
  "B3_participation_fairness": 2.44949,
  "accuracy_history": [
    96.95,
    98.55000000000001,
    98.81,
    98.97,
    99.11,
    99.07000000000001,
    99.29,
    99.22999999999999,
    99.18,
    99.31,
    99.2,
    99.28,
    99.39,
    99.28,
    99.36,
    99.22,
    99.24,
    99.36,
    99.32,
    99.32
  ],
  "per_client_final": [
    0.9952469518495557,
    0.9954379562043796,
    0.9994357296016251,
    0.9958263772954925,
    0.9989373007438895,
    0.9973804846103471,
    0.9952681388012619,
    0.9956471271038886,
    0.9994151191694692,
    0.998703943714127
  ],
  "target_accuracy": 85.0,
  "target_reached": true,
  "experiment_id": "random_mnist_a1.0_s456",
  "strategy": "random",
  "dataset": "mnist",
  "alpha": 1.0,
  "seed": 456,
  "total_time_seconds": 271.69,
  "global_accuracy": 99.32,
  "gini_coefficient": 0.000952
}