{
  "A1_global_accuracy": 73.26,
  "A2_rounds_to_target": 10,
  "B1_accuracy_variance": 0.038338,
  "B2_gini_coefficient": 0.025632,
  "B3_participation_fairness": 1.414214,
  "accuracy_history": [
    17.080000000000002,
    42.94,
    56.04,
    58.79,
    60.96,
    67.17,
    67.12,
    69.99,
    68.28,
    70.08,
    71.59,
    70.95,
    71.66,
    72.98,
    72.87,
    71.50999999999999,
    73.0,
    72.41,
    73.08,
    73.26
  ],
  "per_client_final": [
    0.8187302499281816,
    0.8213128038897893,
    0.8317110655737705,
    0.9028157463094587,
    0.7619307335696754,
    0.8037010676156584,
    0.8663773412517131,
    0.8136320305052431,
    0.8741991846243448,
    0.8534368070953436
  ],
  "target_accuracy": 70.0,
  "target_reached": true,
  "experiment_id": "random_cifar10_a1.0_s456",
  "strategy": "random",
  "dataset": "cifar10",
  "alpha": 1.0,
  "seed": 456,
  "total_time_seconds": 456.32,
  "global_accuracy": 73.26,
  "gini_coefficient": 0.025632
}