{
  "A1_global_accuracy": 99.18,
  "A2_rounds_to_target": 1,
  "B1_accuracy_variance": 0.002167,
  "B2_gini_coefficient": 0.001204,
  "B3_participation_fairness": 1.788854,
  "accuracy_history": [
    88.94,
    97.63,
    97.89,
    98.46000000000001,
    98.81,
    98.82,
    99.0,
    98.89,
    99.03999999999999,
    98.94,
    99.1,
    98.86,
    98.87,
    98.78,
    99.06,
    99.2,
    99.11999999999999,
    99.22,
    99.08,
    99.18
  ],
  "per_client_final": [
    0.9939686369119421,
    0.9928454315099121,
    0.9943282523927686,
    0.9950023426518819,
    0.9933450087565674,
    0.9976169198689306,
    0.9987137344576247,
    0.9988599348534202,
    0.9931590520400684,
    0.995554567681707
  ],
  "target_accuracy": 85.0,
  "target_reached": true,
  "experiment_id": "fairness_mnist_a0.5_s42",
  "strategy": "fairness",
  "dataset": "mnist",
  "alpha": 0.5,
  "seed": 42,
  "total_time_seconds": 261.54,
  "global_accuracy": 99.18,
  "gini_coefficient": 0.001204
}