{
  "A1_global_accuracy": 94.86,
  "A2_rounds_to_target": 2,
  "B1_accuracy_variance": 0.120592,
  "B2_gini_coefficient": 0.055886,
  "B3_participation_fairness": 10.0,
  "accuracy_history": [
    76.2,
    86.46000000000001,
    88.4,
    88.39,
    88.78,
    88.83,
    89.33,
    90.46,
    90.86,
    91.60000000000001,
    92.36999999999999,
    92.53,
    93.05,
    93.35,
    93.7,
    94.42,
    94.93,
    94.64,
    94.49,
    94.86
  ],
  "per_client_final": [
    0.9642857142857143,
    0.9894884372810091,
    0.9946889226100152,
    0.9985047350058149,
    0.9759615384615384,
    0.5898135516143702,
    0.98714859437751,
    0.9990494296577946,
    0.9158249158249159,
    0.8534468085106383
  ],
  "target_accuracy": 85.0,
  "target_reached": true,
  "experiment_id": "performance_mnist_a0.1_s42",
  "strategy": "performance",
  "dataset": "mnist",
  "alpha": 0.1,
  "seed": 42,
  "total_time_seconds": 378.23,
  "global_accuracy": 94.86,
  "gini_coefficient": 0.055886
}