{
  "A1_global_accuracy": 97.92,
  "A2_rounds_to_target": 3,
  "B1_accuracy_variance": 0.017609,
  "B2_gini_coefficient": 0.010022,
  "B3_participation_fairness": 10.0,
  "accuracy_history": [
    66.58,
    81.75,
    90.09,
    93.72,
    93.16,
    96.0,
    96.78,
    97.02,
    97.38,
    96.91,
    97.53,
    97.46000000000001,
    97.87,
    97.88,
    97.77,
    97.88,
    97.94,
    97.89,
    97.65,
    97.92
  ],
  "per_client_final": [
    0.9903846153846154,
    0.9461118690313779,
    0.9916540212443096,
    0.9785096939967297,
    0.9797979797979798,
    0.9594893617021276,
    0.981203007518797,
    0.9994150336355659,
    0.9740820734341252,
    0.9459839357429719
  ],
  "target_accuracy": 85.0,
  "target_reached": true,
  "experiment_id": "performance_mnist_a0.1_s42",
  "strategy": "performance",
  "dataset": "mnist",
  "alpha": 0.1,
  "seed": 42,
  "total_time_seconds": 1067.72,
  "global_accuracy": 97.92,
  "gini_coefficient": 0.010022
}