{
  "A1_global_accuracy": 68.54,
  "A2_rounds_to_target": null,
  "B1_accuracy_variance": 0.116909,
  "B2_gini_coefficient": 0.082311,
  "B3_participation_fairness": 10.0,
  "accuracy_history": [
    13.73,
    41.29,
    55.60000000000001,
    59.25,
    62.370000000000005,
    63.800000000000004,
    65.36999999999999,
    66.09,
    67.33,
    67.64,
    68.38,
    69.52000000000001,
    68.65,
    68.75,
    69.08999999999999,
    69.1,
    69.32000000000001,
    69.27,
    69.63000000000001,
    68.54
  ],
  "per_client_final": [
    0.9328285769753446,
    0.6694845923097901,
    0.8964523281596453,
    0.6820667031164571,
    0.8546394714162597,
    0.6475559616263133,
    0.9691103202846975,
    0.6835297131147541,
    0.686606291706387,
    0.8144246353322528
  ],
  "target_accuracy": 70.0,
  "target_reached": false,
  "experiment_id": "performance_cifar10_a1.0_s456",
  "strategy": "performance",
  "dataset": "cifar10",
  "alpha": 1.0,
  "seed": 456,
  "total_time_seconds": 436.67,
  "global_accuracy": 68.54,
  "gini_coefficient": 0.082311
}