{
  "A1_global_accuracy": 98.56,
  "A2_rounds_to_target": 3,
  "B1_accuracy_variance": 0.024573,
  "B2_gini_coefficient": 0.011349,
  "B3_participation_fairness": 1.788854,
  "accuracy_history": [
    70.65,
    83.93,
    89.16,
    83.36,
    90.69,
    95.87,
    96.35000000000001,
    94.24,
    97.63,
    97.87,
    98.61,
    97.61,
    97.58,
    98.1,
    98.64,
    98.65,
    98.25,
    97.66,
    98.42,
    98.56
  ],
  "per_client_final": [
    0.9797979797979798,
    0.9925236750290746,
    0.9849397590361446,
    0.9927884615384616,
    0.9924083158140621,
    0.9880771732061565,
    0.9101864483856298,
    0.9793233082706767,
    0.9993419128400117,
    0.9640851063829787
  ],
  "target_accuracy": 85.0,
  "target_reached": true,
  "experiment_id": "fairness_mnist_a0.1_s42",
  "strategy": "fairness",
  "dataset": "mnist",
  "alpha": 0.1,
  "seed": 42,
  "total_time_seconds": 342.79,
  "global_accuracy": 98.56,
  "gini_coefficient": 0.011349
}