{
  "A1_global_accuracy": 96.23,
  "A2_rounds_to_target": 3,
  "B1_accuracy_variance": 0.055272,
  "B2_gini_coefficient": 0.029777,
  "B3_participation_fairness": 1.788854,
  "accuracy_history": [
    61.44,
    83.85000000000001,
    85.39,
    92.56,
    96.61999999999999,
    96.89,
    95.61,
    92.82000000000001,
    95.78,
    97.35000000000001,
    97.15,
    97.42,
    96.57,
    98.65,
    95.59,
    98.65,
    97.81,
    98.41,
    98.32,
    96.23
  ],
  "per_client_final": [
    0.9548872180451128,
    0.9377510040160643,
    0.9967297360429807,
    0.989982451009067,
    0.8541276595744681,
    0.9977238239757208,
    0.8412914961346066,
    0.9663299663299664,
    0.9759615384615384,
    0.9988370161156338
  ],
  "target_accuracy": 85.0,
  "target_reached": true,
  "experiment_id": "fairness_mnist_a0.1_s42",
  "strategy": "fairness",
  "dataset": "mnist",
  "alpha": 0.1,
  "seed": 42,
  "total_time_seconds": 1075.47,
  "global_accuracy": 96.23,
  "gini_coefficient": 0.029777
}