{
  "A1_global_accuracy": 99.1,
  "A2_rounds_to_target": 1,
  "B1_accuracy_variance": 0.005576,
  "B2_gini_coefficient": 0.003019,
  "B3_participation_fairness": 10.0,
  "accuracy_history": [
    96.95,
    98.34,
    98.61999999999999,
    98.87,
    98.94,
    98.98,
    99.05000000000001,
    99.0,
    99.05000000000001,
    99.00999999999999,
    99.13,
    99.14,
    99.11,
    99.11,
    99.11999999999999,
    99.07000000000001,
    99.07000000000001,
    99.05000000000001,
    99.06,
    99.1
  ],
  "per_client_final": [
    0.9885108263367212,
    0.9994402462916316,
    0.9874666118758989,
    0.9990693345742205,
    0.9865742745777393,
    0.9998502321401828,
    0.9887505022097228,
    1.0,
    0.9994710860366713,
    0.9932647997164126
  ],
  "target_accuracy": 85.0,
  "target_reached": true,
  "experiment_id": "performance_mnist_a1.0_s42",
  "strategy": "performance",
  "dataset": "mnist",
  "alpha": 1.0,
  "seed": 42,
  "total_time_seconds": 232.82,
  "global_accuracy": 99.1,
  "gini_coefficient": 0.003019
}