{
  "A1_global_accuracy": 99.15,
  "A2_rounds_to_target": 1,
  "B1_accuracy_variance": 0.002838,
  "B2_gini_coefficient": 0.00156,
  "B3_participation_fairness": 2.19089,
  "accuracy_history": [
    96.1,
    97.50999999999999,
    98.17,
    98.07000000000001,
    98.71,
    98.89,
    98.72,
    99.06,
    99.15,
    99.06,
    98.8,
    99.11999999999999,
    99.18,
    99.15,
    99.2,
    99.11999999999999,
    99.14,
    99.24,
    99.17,
    99.15
  ],
  "per_client_final": [
    0.9980983428416191,
    0.9949480774628122,
    0.9956666185179835,
    0.9898538961038961,
    0.9947384710615909,
    0.9965061522102385,
    0.9910237748665697,
    0.999244631488076,
    0.9979848085568129,
    0.9953596287703016
  ],
  "target_accuracy": 85.0,
  "target_reached": true,
  "experiment_id": "random_mnist_a0.5_s123",
  "strategy": "random",
  "dataset": "mnist",
  "alpha": 0.5,
  "seed": 123,
  "total_time_seconds": 266.64,
  "global_accuracy": 99.15,
  "gini_coefficient": 0.00156
}