{
  "A1_global_accuracy": 51.94,
  "A2_rounds_to_target": null,
  "B1_accuracy_variance": 0.242968,
  "B2_gini_coefficient": 0.31088,
  "B3_participation_fairness": 1.0,
  "accuracy_history": [
    10.209999999999999,
    19.18,
    25.27,
    27.810000000000002,
    28.910000000000004,
    40.86,
    40.63,
    45.95,
    43.39,
    48.980000000000004,
    39.72,
    35.61,
    49.78,
    55.74,
    37.53,
    50.449999999999996,
    42.88,
    42.34,
    47.11,
    51.94
  ],
  "per_client_final": [
    0.6844578086825784,
    0.3294401933145389,
    0.4418409162551224,
    0.6833745146487822,
    0.24910749702499008,
    0.5129411764705882,
    0.24452554744525548,
    0.2713244749249893,
    0.8951026856240126,
    0.060991379310344825
  ],
  "target_accuracy": 70.0,
  "target_reached": false,
  "experiment_id": "fairness_cifar10_a0.1_s456",
  "strategy": "fairness",
  "dataset": "cifar10",
  "alpha": 0.1,
  "seed": 456,
  "total_time_seconds": 580.9,
  "global_accuracy": 51.94,
  "gini_coefficient": 0.31088
}