{
  "A1_global_accuracy": 61.27,
  "A2_rounds_to_target": null,
  "B1_accuracy_variance": 0.152925,
  "B2_gini_coefficient": 0.125336,
  "B3_participation_fairness": 1.48324,
  "accuracy_history": [
    20.34,
    28.64,
    39.57,
    36.04,
    37.72,
    44.440000000000005,
    52.349999999999994,
    51.35999999999999,
    45.89,
    42.52,
    59.21999999999999,
    52.27,
    53.97,
    43.309999999999995,
    56.26,
    60.38,
    56.47,
    53.13,
    65.06,
    61.27
  ],
  "per_client_final": [
    0.7198795180722891,
    0.6543189641042452,
    0.5596170583115753,
    0.6242537313432835,
    0.9306187443130118,
    0.6871794871794872,
    0.3086619845128759,
    0.6999762639449324,
    0.7249840662842575,
    0.5242896425297892
  ],
  "target_accuracy": 70.0,
  "target_reached": false,
  "experiment_id": "fairness_cifar10_a0.1_s123",
  "strategy": "fairness",
  "dataset": "cifar10",
  "alpha": 0.1,
  "seed": 123,
  "total_time_seconds": 486.05,
  "global_accuracy": 61.27,
  "gini_coefficient": 0.125336
}