{
  "A1_global_accuracy": 71.67,
  "A2_rounds_to_target": 12,
  "B1_accuracy_variance": 0.045516,
  "B2_gini_coefficient": 0.031723,
  "B3_participation_fairness": 1.0,
  "accuracy_history": [
    12.2,
    36.9,
    55.43,
    55.35,
    61.339999999999996,
    64.46,
    66.63,
    67.16,
    69.5,
    69.67999999999999,
    69.11,
    70.1,
    70.61,
    70.38,
    71.65,
    71.25,
    72.26,
    71.82,
    73.19,
    71.67
  ],
  "per_client_final": [
    0.7722704431247145,
    0.8591515729265967,
    0.8575122091353059,
    0.8886832740213523,
    0.7545454545454545,
    0.7630215434960458,
    0.799837925445705,
    0.8138225587264609,
    0.7598616803278688,
    0.8326954620010935
  ],
  "target_accuracy": 70.0,
  "target_reached": true,
  "experiment_id": "fairness_cifar10_a1.0_s456",
  "strategy": "fairness",
  "dataset": "cifar10",
  "alpha": 1.0,
  "seed": 456,
  "total_time_seconds": 446.45,
  "global_accuracy": 71.67,
  "gini_coefficient": 0.031723
}