{
  "A1_global_accuracy": 67.36,
  "A2_rounds_to_target": null,
  "B1_accuracy_variance": 0.132855,
  "B2_gini_coefficient": 0.101657,
  "B3_participation_fairness": 10.0,
  "accuracy_history": [
    22.58,
    39.56,
    49.04,
    56.95,
    59.8,
    63.190000000000005,
    63.51,
    65.01,
    65.64999999999999,
    66.55,
    67.33,
    66.86,
    67.07,
    67.10000000000001,
    67.49000000000001,
    67.57,
    67.75999999999999,
    68.17999999999999,
    67.74,
    67.36
  ],
  "per_client_final": [
    0.8848620910840282,
    0.927337537702221,
    0.5593984962406015,
    0.9330646146329546,
    0.6181451160704273,
    0.6439970982952484,
    0.7383223281976034,
    0.7233944954128441,
    0.5781064082950875,
    0.7522273055622442
  ],
  "target_accuracy": 70.0,
  "target_reached": false,
  "experiment_id": "performance_cifar10_a0.5_s456",
  "strategy": "performance",
  "dataset": "cifar10",
  "alpha": 0.5,
  "seed": 456,
  "total_time_seconds": 489.73,
  "global_accuracy": 67.36,
  "gini_coefficient": 0.101657
}