{
  "A1_global_accuracy": 93.49,
  "A2_rounds_to_target": 3,
  "B1_accuracy_variance": 0.119648,
  "B2_gini_coefficient": 0.041738,
  "B3_participation_fairness": 10.0,
  "accuracy_history": [
    55.13,
    77.38000000000001,
    85.21,
    86.63,
    87.06,
    87.79,
    88.63,
    90.28,
    91.49000000000001,
    91.94,
    92.7,
    93.41000000000001,
    93.47999999999999,
    93.95,
    94.12,
    93.44,
    94.33,
    93.71000000000001,
    93.92,
    93.49
  ],
  "per_client_final": [
    0.5906661452222657,
    0.9902200488997555,
    0.9919653893695921,
    0.9937684210526316,
    0.9774725274725274,
    0.9939456484348125,
    1.0,
    0.9927261227071473,
    0.9687560644284883,
    0.987363100252738
  ],
  "target_accuracy": 85.0,
  "target_reached": true,
  "experiment_id": "performance_mnist_a0.1_s456",
  "strategy": "performance",
  "dataset": "mnist",
  "alpha": 0.1,
  "seed": 456,
  "total_time_seconds": 400.72,
  "global_accuracy": 93.49,
  "gini_coefficient": 0.041738
}