{
  "A1_global_accuracy": 72.61,
  "A2_rounds_to_target": 11,
  "B1_accuracy_variance": 0.080955,
  "B2_gini_coefficient": 0.056785,
  "B3_participation_fairness": 1.264911,
  "accuracy_history": [
    15.85,
    38.3,
    52.01,
    52.66,
    57.47,
    56.730000000000004,
    62.019999999999996,
    68.63,
    64.57000000000001,
    64.16,
    70.39999999999999,
    66.43,
    67.23,
    64.46,
    64.85,
    70.81,
    70.46,
    70.58,
    72.05,
    72.61
  ],
  "per_client_final": [
    0.7631483496554226,
    0.6676691729323309,
    0.9396658068857239,
    0.8187999320074791,
    0.8,
    0.6581071166544388,
    0.8515217987386894,
    0.8141102817240549,
    0.8434102845975326,
    0.7463117382937781
  ],
  "target_accuracy": 70.0,
  "target_reached": true,
  "experiment_id": "random_cifar10_a0.5_s456",
  "strategy": "random",
  "dataset": "cifar10",
  "alpha": 0.5,
  "seed": 456,
  "total_time_seconds": 609.33,
  "global_accuracy": 72.61,
  "gini_coefficient": 0.056785
}