{
  "A1_global_accuracy": 73.39,
  "A2_rounds_to_target": 12,
  "B1_accuracy_variance": 0.06285,
  "B2_gini_coefficient": 0.041403,
  "B3_participation_fairness": 2.19089,
  "accuracy_history": [
    17.25,
    35.839999999999996,
    55.16,
    58.699999999999996,
    60.92999999999999,
    59.48,
    62.519999999999996,
    67.15,
    64.69,
    67.9,
    66.86,
    71.48,
    67.88,
    71.66,
    72.31,
    71.89999999999999,
    72.06,
    70.82000000000001,
    72.6,
    73.39
  ],
  "per_client_final": [
    0.8174548777701622,
    0.8121262115900185,
    0.8658111533586819,
    0.8202449567723343,
    0.8585322723253758,
    0.7243024087765323,
    0.8282590051457976,
    0.9196287865522675,
    0.8054545454545454,
    0.6903039073806078
  ],
  "target_accuracy": 70.0,
  "target_reached": true,
  "experiment_id": "random_cifar10_a1.0_s123",
  "strategy": "random",
  "dataset": "cifar10",
  "alpha": 1.0,
  "seed": 123,
  "total_time_seconds": 405.53,
  "global_accuracy": 73.39,
  "gini_coefficient": 0.041403
}