{
  "A1_global_accuracy": 99.08,
  "A2_rounds_to_target": 1,
  "B1_accuracy_variance": 0.00585,
  "B2_gini_coefficient": 0.003201,
  "B3_participation_fairness": 10.0,
  "accuracy_history": [
    93.69,
    97.78,
    98.5,
    98.64,
    98.78,
    98.89,
    98.94,
    98.97,
    99.00999999999999,
    98.98,
    99.03999999999999,
    99.03999999999999,
    99.0,
    98.97,
    99.02,
    99.02,
    99.00999999999999,
    99.03999999999999,
    99.00999999999999,
    99.08
  ],
  "per_client_final": [
    0.9976723366159356,
    0.9992001066524463,
    0.9978227737861964,
    0.9896247240618101,
    0.9982909634693442,
    0.984961190168176,
    0.9975088501376688,
    0.9899903753609239,
    0.9852825745682888,
    0.9847469378322163
  ],
  "target_accuracy": 85.0,
  "target_reached": true,
  "experiment_id": "performance_mnist_a0.5_s456",
  "strategy": "performance",
  "dataset": "mnist",
  "alpha": 0.5,
  "seed": 456,
  "total_time_seconds": 286.73,
  "global_accuracy": 99.08,
  "gini_coefficient": 0.003201
}