{
  "A1_global_accuracy": 99.27,
  "A2_rounds_to_target": 1,
  "B1_accuracy_variance": 0.00133,
  "B2_gini_coefficient": 0.000749,
  "B3_participation_fairness": 1.48324,
  "accuracy_history": [
    96.22,
    98.58,
    98.63,
    98.78,
    98.99,
    99.08,
    99.06,
    99.14,
    99.17,
    99.24,
    99.25,
    99.26,
    99.24,
    99.24,
    99.28,
    99.28,
    99.26,
    99.27,
    99.32,
    99.27
  ],
  "per_client_final": [
    0.9991892517952282,
    0.9981409183863171,
    0.9955434513493439,
    0.9968397291196388,
    0.9970559371933267,
    0.9952483801295896,
    0.9975855130784709,
    0.9985750474984167,
    0.9992874109263657,
    0.9982674982674983
  ],
  "target_accuracy": 85.0,
  "target_reached": true,
  "experiment_id": "fairness_mnist_a1.0_s123",
  "strategy": "fairness",
  "dataset": "mnist",
  "alpha": 1.0,
  "seed": 123,
  "total_time_seconds": 255.2,
  "global_accuracy": 99.27,
  "gini_coefficient": 0.000749
}