{
  "A1_global_accuracy": 56.47,
  "A2_rounds_to_target": null,
  "B1_accuracy_variance": 0.249605,
  "B2_gini_coefficient": 0.24127,
  "B3_participation_fairness": 10.0,
  "accuracy_history": [
    19.5,
    29.23,
    36.809999999999995,
    41.42,
    45.68,
    47.27,
    49.25,
    50.480000000000004,
    50.760000000000005,
    51.18000000000001,
    52.18000000000001,
    53.05,
    53.31,
    54.32,
    53.12,
    55.230000000000004,
    55.35,
    55.379999999999995,
    55.269999999999996,
    56.47
  ],
  "per_client_final": [
    0.8368387507966858,
    0.3785900783289817,
    0.35386277687736356,
    0.0891384051329056,
    0.5517446000474721,
    0.8132462686567165,
    0.4730015082956259,
    0.7723324045238485,
    0.6280120481927711,
    0.9242493175614195
  ],
  "target_accuracy": 70.0,
  "target_reached": false,
  "experiment_id": "performance_cifar10_a0.1_s123",
  "strategy": "performance",
  "dataset": "cifar10",
  "alpha": 0.1,
  "seed": 123,
  "total_time_seconds": 517.39,
  "global_accuracy": 56.47,
  "gini_coefficient": 0.24127
}