{
  "A1_global_accuracy": 99.12,
  "A2_rounds_to_target": 1,
  "B1_accuracy_variance": 0.001431,
  "B2_gini_coefficient": 0.000811,
  "B3_participation_fairness": 1.48324,
  "accuracy_history": [
    96.7,
    97.24000000000001,
    98.27,
    98.67,
    98.89,
    98.8,
    98.69,
    98.92,
    99.07000000000001,
    99.05000000000001,
    99.09,
    99.09,
    99.07000000000001,
    99.15,
    99.03999999999999,
    99.03,
    99.13,
    99.13,
    99.15,
    99.11999999999999
  ],
  "per_client_final": [
    0.9956496519721578,
    0.9955094021891664,
    0.9962231574403798,
    0.9964822901504125,
    0.9936443962176407,
    0.9982666474071934,
    0.997564935064935,
    0.9972144846796658,
    0.997721403615373,
    0.9942950285248574
  ],
  "target_accuracy": 85.0,
  "target_reached": true,
  "experiment_id": "fairness_mnist_a0.5_s123",
  "strategy": "fairness",
  "dataset": "mnist",
  "alpha": 0.5,
  "seed": 123,
  "total_time_seconds": 260.54,
  "global_accuracy": 99.12,
  "gini_coefficient": 0.000811
}