{
  "A1_global_accuracy": 70.1,
  "A2_rounds_to_target": 20,
  "B1_accuracy_variance": 0.113523,
  "B2_gini_coefficient": 0.070831,
  "B3_participation_fairness": 1.788854,
  "accuracy_history": [
    19.45,
    34.94,
    47.05,
    53.02,
    55.26,
    52.790000000000006,
    61.8,
    60.629999999999995,
    60.129999999999995,
    67.02,
    66.3,
    67.63,
    65.03999999999999,
    66.35,
    69.91000000000001,
    67.92,
    67.94,
    67.80000000000001,
    64.37,
    70.1
  ],
  "per_client_final": [
    0.8628721541155867,
    0.8141470180305131,
    0.7968531468531469,
    0.8484045907428427,
    0.8776958776958776,
    0.4609355865784962,
    0.7242173112338858,
    0.7326596233348645,
    0.7990019406709177,
    0.7673267326732673
  ],
  "target_accuracy": 70.0,
  "target_reached": true,
  "experiment_id": "fairness_cifar10_a0.5_s42",
  "strategy": "fairness",
  "dataset": "cifar10",
  "alpha": 0.5,
  "seed": 42,
  "total_time_seconds": 477.05,
  "global_accuracy": 70.1,
  "gini_coefficient": 0.070831
}