{
  "A1_global_accuracy": 55.98,
  "A2_rounds_to_target": null,
  "B1_accuracy_variance": 0.234646,
  "B2_gini_coefficient": 0.213881,
  "B3_participation_fairness": 2.280351,
  "accuracy_history": [
    18.84,
    34.92,
    37.830000000000005,
    30.990000000000002,
    46.160000000000004,
    38.15,
    45.29,
    46.03,
    48.53,
    48.089999999999996,
    46.01,
    48.79,
    51.66,
    45.81,
    58.26,
    53.89000000000001,
    59.519999999999996,
    57.98,
    58.57,
    55.98
  ],
  "per_client_final": [
    0.787770586922562,
    0.671484375,
    0.17227609811751282,
    0.7692307692307693,
    0.20926589077887198,
    0.6496855345911949,
    0.6925351071692535,
    0.8610828414410747,
    0.3482239614689946,
    0.677281470399658
  ],
  "target_accuracy": 70.0,
  "target_reached": false,
  "experiment_id": "random_cifar10_a0.1_s42",
  "strategy": "random",
  "dataset": "cifar10",
  "alpha": 0.1,
  "seed": 42,
  "total_time_seconds": 573.31,
  "global_accuracy": 55.98,
  "gini_coefficient": 0.213881
}