{
  "A1_global_accuracy": 69.28,
  "A2_rounds_to_target": 17,
  "B1_accuracy_variance": 0.146452,
  "B2_gini_coefficient": 0.100027,
  "B3_participation_fairness": 2.19089,
  "accuracy_history": [
    12.26,
    38.65,
    48.43,
    55.86,
    58.45,
    57.25,
    55.16,
    58.650000000000006,
    59.260000000000005,
    63.1,
    65.42999999999999,
    68.49,
    68.95,
    68.72,
    66.5,
    67.85,
    71.06,
    69.74000000000001,
    67.93,
    69.28
  ],
  "per_client_final": [
    0.9050321604237609,
    0.8318739054290718,
    0.838929838929839,
    0.6744105409153953,
    0.8386470751316883,
    0.6450495049504951,
    0.7762237762237763,
    0.37496938525593926,
    0.698897565457051,
    0.8388581952117864
  ],
  "target_accuracy": 70.0,
  "target_reached": true,
  "experiment_id": "random_cifar10_a0.5_s42",
  "strategy": "random",
  "dataset": "cifar10",
  "alpha": 0.5,
  "seed": 42,
  "total_time_seconds": 500.1,
  "global_accuracy": 69.28,
  "gini_coefficient": 0.100027
}