{
  "A1_global_accuracy": 73.0,
  "A2_rounds_to_target": 15,
  "B1_accuracy_variance": 0.048393,
  "B2_gini_coefficient": 0.032841,
  "B3_participation_fairness": 2.19089,
  "accuracy_history": [
    10.8,
    40.410000000000004,
    52.18000000000001,
    58.36,
    60.36,
    62.91,
    66.75,
    66.99000000000001,
    69.81,
    67.31,
    69.1,
    69.41000000000001,
    68.73,
    69.98,
    70.06,
    70.66,
    71.49,
    72.22,
    71.95,
    73.0
  ],
  "per_client_final": [
    0.8564121300694191,
    0.7824146395893774,
    0.8919716646989374,
    0.7803330689928628,
    0.8209526982011992,
    0.8625277161862528,
    0.79460439809567,
    0.8279970215934475,
    0.718949480211563,
    0.8547237076648841
  ],
  "target_accuracy": 70.0,
  "target_reached": true,
  "experiment_id": "random_cifar10_a1.0_s42",
  "strategy": "random",
  "dataset": "cifar10",
  "alpha": 1.0,
  "seed": 42,
  "total_time_seconds": 411.89,
  "global_accuracy": 73.0,
  "gini_coefficient": 0.032841
}