{
  "A1_global_accuracy": 97.31,
  "A2_rounds_to_target": 4,
  "B1_accuracy_variance": 0.019302,
  "B2_gini_coefficient": 0.010755,
  "B3_participation_fairness": 1.414214,
  "accuracy_history": [
    56.54,
    65.82000000000001,
    66.99000000000001,
    85.74000000000001,
    81.89999999999999,
    92.74,
    89.45,
    95.56,
    91.92,
    94.78999999999999,
    95.81,
    94.37,
    96.76,
    94.31,
    95.73,
    97.1,
    97.24000000000001,
    96.82,
    97.61999999999999,
    97.31
  ],
  "per_client_final": [
    0.9667579194368401,
    0.9983488132094943,
    0.9862637362637363,
    0.9839932603201348,
    0.9338249563361148,
    0.9813030346612973,
    0.992583436341162,
    1.0,
    0.9650526315789474,
    0.9617330803289058
  ],
  "target_accuracy": 85.0,
  "target_reached": true,
  "experiment_id": "random_mnist_a0.1_s456",
  "strategy": "random",
  "dataset": "mnist",
  "alpha": 0.1,
  "seed": 456,
  "total_time_seconds": 333.54,
  "global_accuracy": 97.31,
  "gini_coefficient": 0.010755
}