{
  "A1_global_accuracy": 99.12,
  "A2_rounds_to_target": 1,
  "B1_accuracy_variance": 0.002811,
  "B2_gini_coefficient": 0.00151,
  "B3_participation_fairness": 2.19089,
  "accuracy_history": [
    90.53,
    97.02,
    97.94,
    98.3,
    98.38,
    98.83999999999999,
    98.79,
    99.07000000000001,
    98.65,
    98.86,
    98.78,
    98.94,
    98.92,
    98.95,
    99.02,
    99.0,
    99.00999999999999,
    98.99,
    99.02,
    99.11999999999999
  ],
  "per_client_final": [
    0.9904503417772417,
    0.9986663703045121,
    0.9912044954800879,
    0.995928338762215,
    0.9964551577454803,
    0.9962841217664713,
    0.9979132508570577,
    0.9915102770330653,
    0.9961471103327496,
    0.9970326409495549
  ],
  "target_accuracy": 85.0,
  "target_reached": true,
  "experiment_id": "random_mnist_a0.5_s42",
  "strategy": "random",
  "dataset": "mnist",
  "alpha": 0.5,
  "seed": 42,
  "total_time_seconds": 255.34,
  "global_accuracy": 99.12,
  "gini_coefficient": 0.00151
}