{
  "A1_global_accuracy": 99.25,
  "A2_rounds_to_target": 1,
  "B1_accuracy_variance": 0.001821,
  "B2_gini_coefficient": 0.000994,
  "B3_participation_fairness": 2.280351,
  "accuracy_history": [
    96.83,
    98.61,
    98.91,
    98.98,
    98.96000000000001,
    99.11999999999999,
    99.14,
    99.11999999999999,
    99.19,
    99.24,
    99.17,
    99.2,
    99.24,
    99.27,
    99.26,
    99.24,
    99.26,
    99.2,
    99.21,
    99.25
  ],
  "per_client_final": [
    0.9980530178223753,
    0.9987946966653274,
    0.9987405541561712,
    0.9984120109715605,
    0.9972080037226617,
    0.9971641261963843,
    0.9994216310005783,
    0.9963175725438209,
    0.9934767277856136,
    0.9946579001438257
  ],
  "target_accuracy": 85.0,
  "target_reached": true,
  "experiment_id": "random_mnist_a1.0_s42",
  "strategy": "random",
  "dataset": "mnist",
  "alpha": 1.0,
  "seed": 42,
  "total_time_seconds": 241.43,
  "global_accuracy": 99.25,
  "gini_coefficient": 0.000994
}