{
  "A1_global_accuracy": 97.71,
  "A2_rounds_to_target": 3,
  "B1_accuracy_variance": 0.026382,
  "B2_gini_coefficient": 0.014179,
  "B3_participation_fairness": 1.48324,
  "accuracy_history": [
    69.31,
    82.39,
    86.86,
    97.07000000000001,
    97.14,
    94.84,
    97.33000000000001,
    92.85,
    98.11999999999999,
    98.33,
    98.21,
    98.38,
    98.07000000000001,
    97.52,
    98.44000000000001,
    98.61999999999999,
    97.88,
    97.63,
    97.25,
    97.71
  ],
  "per_client_final": [
    0.9758266185051403,
    0.908419993290842,
    0.9956033219345384,
    0.9987870871431237,
    0.9571428571428572,
    0.9484494563028595,
    0.9746609564596717,
    0.9794715646793046,
    0.9961361989857522,
    0.9864102564102564
  ],
  "target_accuracy": 85.0,
  "target_reached": true,
  "experiment_id": "fairness_mnist_a0.1_s123",
  "strategy": "fairness",
  "dataset": "mnist",
  "alpha": 0.1,
  "seed": 123,
  "total_time_seconds": 361.14,
  "global_accuracy": 97.71,
  "gini_coefficient": 0.014179
}