{
  "A1_global_accuracy": 73.46,
  "A2_rounds_to_target": 11,
  "B1_accuracy_variance": 0.05084,
  "B2_gini_coefficient": 0.032224,
  "B3_participation_fairness": 1.788854,
  "accuracy_history": [
    18.93,
    37.15,
    55.02,
    57.730000000000004,
    64.35,
    65.22,
    68.14,
    68.78,
    69.32000000000001,
    68.77,
    70.88,
    71.83,
    71.47,
    71.5,
    72.55,
    72.59,
    72.5,
    73.42999999999999,
    72.75,
    73.46000000000001
  ],
  "per_client_final": [
    0.8342771485676216,
    0.8436336559940432,
    0.8046523922812583,
    0.7838774393580157,
    0.8463203463203464,
    0.9488543976348854,
    0.7840701497990501,
    0.8239232314215577,
    0.7522103831330764,
    0.8491532976827094
  ],
  "target_accuracy": 70.0,
  "target_reached": true,
  "experiment_id": "fairness_cifar10_a1.0_s42",
  "strategy": "fairness",
  "dataset": "cifar10",
  "alpha": 1.0,
  "seed": 42,
  "total_time_seconds": 411.79,
  "global_accuracy": 73.46,
  "gini_coefficient": 0.032224
}