{
  "A1_global_accuracy": 72.18,
  "A2_rounds_to_target": 12,
  "B1_accuracy_variance": 0.067309,
  "B2_gini_coefficient": 0.047175,
  "B3_participation_fairness": 2.19089,
  "accuracy_history": [
    20.54,
    36.53,
    43.34,
    55.44,
    58.06,
    62.22,
    57.809999999999995,
    65.64999999999999,
    64.22,
    64.05,
    65.64,
    70.21,
    70.04,
    70.28,
    70.09,
    71.74000000000001,
    71.08,
    70.58,
    70.8,
    72.18
  ],
  "per_client_final": [
    0.7790358744394619,
    0.8838648262732033,
    0.7713152676801057,
    0.8502546689303905,
    0.7811260904044409,
    0.6958936718904979,
    0.9232081911262798,
    0.8265060240963855,
    0.7236306020823903,
    0.8474538080216314
  ],
  "target_accuracy": 70.0,
  "target_reached": true,
  "experiment_id": "random_cifar10_a0.5_s123",
  "strategy": "random",
  "dataset": "cifar10",
  "alpha": 0.5,
  "seed": 123,
  "total_time_seconds": 519.73,
  "global_accuracy": 72.18,
  "gini_coefficient": 0.047175
}