{
  "A1_global_accuracy": 51.31,
  "A2_rounds_to_target": null,
  "B1_accuracy_variance": 0.278603,
  "B2_gini_coefficient": 0.300572,
  "B3_participation_fairness": 1.264911,
  "accuracy_history": [
    19.17,
    23.87,
    25.52,
    40.28,
    34.22,
    29.709999999999997,
    38.01,
    35.28,
    47.03,
    42.82,
    37.75,
    49.480000000000004,
    54.35,
    51.23,
    52.15,
    50.5,
    37.03,
    43.59,
    53.080000000000005,
    51.31
  ],
  "per_client_final": [
    0.4744963566223746,
    0.10477353880849465,
    0.8174845014185143,
    0.00625,
    0.9063191153238547,
    0.6352941176470588,
    0.7387927991528415,
    0.5062424486508256,
    0.3613138686131387,
    0.6362554541848473
  ],
  "target_accuracy": 70.0,
  "target_reached": false,
  "experiment_id": "random_cifar10_a0.1_s456",
  "strategy": "random",
  "dataset": "cifar10",
  "alpha": 0.1,
  "seed": 456,
  "total_time_seconds": 647.16,
  "global_accuracy": 51.31,
  "gini_coefficient": 0.300572
}