{
  "A1_global_accuracy": 47.28,
  "A2_rounds_to_target": null,
  "B1_accuracy_variance": 0.250355,
  "B2_gini_coefficient": 0.269406,
  "B3_participation_fairness": 10.0,
  "accuracy_history": [
    21.27,
    26.56,
    28.82,
    29.82,
    32.11,
    36.309999999999995,
    35.92,
    37.980000000000004,
    38.769999999999996,
    41.31,
    39.71,
    42.25,
    42.04,
    43.68,
    43.35,
    44.43,
    47.36,
    45.03,
    45.86,
    47.28
  ],
  "per_client_final": [
    0.9673007052789058,
    0.4181640625,
    0.01963847355501004,
    0.5207612456747405,
    0.4937106918238994,
    0.4865711727842435,
    0.5499144324015972,
    0.2514148103552077,
    0.44711538461538464,
    0.8213845774821384
  ],
  "target_accuracy": 70.0,
  "target_reached": false,
  "experiment_id": "performance_cifar10_a0.1_s42",
  "strategy": "performance",
  "dataset": "cifar10",
  "alpha": 0.1,
  "seed": 42,
  "total_time_seconds": 520.73,
  "global_accuracy": 47.28,
  "gini_coefficient": 0.269406
}