{
  "A1_global_accuracy": 70.97,
  "A2_rounds_to_target": 14,
  "B1_accuracy_variance": 0.061658,
  "B2_gini_coefficient": 0.043809,
  "B3_participation_fairness": 1.48324,
  "accuracy_history": [
    10.23,
    41.69,
    47.17,
    59.760000000000005,
    61.62,
    60.150000000000006,
    63.449999999999996,
    65.21000000000001,
    66.74,
    69.76,
    69.94,
    69.93,
    69.65,
    71.11,
    71.35000000000001,
    71.31,
    72.17,
    71.77,
    71.73,
    70.97
  ],
  "per_client_final": [
    0.8861184792219275,
    0.6865432944939456,
    0.7182630012257047,
    0.8602305475504323,
    0.7805766793409379,
    0.7553246753246753,
    0.7564446277583007,
    0.861277651436841,
    0.7917958502265681,
    0.7645797598627787
  ],
  "target_accuracy": 70.0,
  "target_reached": true,
  "experiment_id": "fairness_cifar10_a1.0_s123",
  "strategy": "fairness",
  "dataset": "cifar10",
  "alpha": 1.0,
  "seed": 123,
  "total_time_seconds": 394.51,
  "global_accuracy": 70.97,
  "gini_coefficient": 0.043809
}