{
  "A1_global_accuracy": 99.2,
  "A2_rounds_to_target": 1,
  "B1_accuracy_variance": 0.001912,
  "B2_gini_coefficient": 0.001076,
  "B3_participation_fairness": 1.264911,
  "accuracy_history": [
    95.28,
    97.75,
    98.42999999999999,
    98.49,
    98.79,
    98.95,
    98.85000000000001,
    98.98,
    98.97,
    98.92,
    99.00999999999999,
    99.09,
    99.14,
    99.05000000000001,
    98.98,
    99.25,
    99.08,
    99.11999999999999,
    99.13,
    99.2
  ],
  "per_client_final": [
    0.9976900866217517,
    0.9951933347575305,
    0.9975743855109961,
    0.9939037666013498,
    0.9955849889624724,
    0.9937205651491365,
    0.9944534319389877,
    0.9992001066524463,
    0.9949865711727842,
    0.9986888684935099
  ],
  "target_accuracy": 85.0,
  "target_reached": true,
  "experiment_id": "random_mnist_a0.5_s456",
  "strategy": "random",
  "dataset": "mnist",
  "alpha": 0.5,
  "seed": 456,
  "total_time_seconds": 259.96,
  "global_accuracy": 99.2,
  "gini_coefficient": 0.001076
}