{
  "A1_global_accuracy": 98.45,
  "A2_rounds_to_target": 5,
  "B1_accuracy_variance": 0.0,
  "B2_gini_coefficient": 0.0,
  "B3_participation_fairness": 0.0,
  "accuracy_history": [
    15.83,
    75.67,
    83.34,
    81.35,
    95.23,
    94.06,
    98.06,
    98.09,
    96.58,
    96.46000000000001,
    95.96000000000001,
    98.06,
    98.53,
    97.50999999999999,
    97.18,
    94.81,
    98.33,
    97.49,
    97.18,
    98.13,
    98.45
  ],
  "per_client_final": [],
  "target_accuracy": 85.0,
  "target_reached": true,
  "experiment_id": "random_mnist_a0.1_s42",
  "strategy": "random",
  "dataset": "mnist",
  "alpha": 0.1,
  "seed": 42,
  "total_time_seconds": 1184.24,
  "global_accuracy": 98.45,
  "gini_coefficient": 0.0
}