{
  "A1_global_accuracy": 98.55,
  "A2_rounds_to_target": 4,
  "B1_accuracy_variance": 0.016473,
  "B2_gini_coefficient": 0.008839,
  "B3_participation_fairness": 2.280351,
  "accuracy_history": [
    73.15,
    69.84,
    76.72,
    89.23,
    94.1,
    96.44,
    94.08999999999999,
    95.09,
    94.27,
    94.81,
    96.24000000000001,
    97.58,
    97.68,
    97.48,
    95.49,
    98.38,
    96.28,
    88.63,
    98.11999999999999,
    98.55000000000001
  ],
  "per_client_final": [
    0.9950988536301711,
    0.9989031880666862,
    0.9763052208835341,
    0.9774436090225563,
    0.9889442878820724,
    0.9932659932659933,
    0.963063829787234,
    0.9969633263256249,
    0.9975961538461539,
    0.9470213733515234
  ],
  "target_accuracy": 85.0,
  "target_reached": true,
  "experiment_id": "random_mnist_a0.1_s42",
  "strategy": "random",
  "dataset": "mnist",
  "alpha": 0.1,
  "seed": 42,
  "total_time_seconds": 324.77,
  "global_accuracy": 98.55,
  "gini_coefficient": 0.008839
}