{
  "A1_global_accuracy": 98.56,
  "A2_rounds_to_target": 4,
  "B1_accuracy_variance": 0.012132,
  "B2_gini_coefficient": 0.006961,
  "B3_participation_fairness": 2.898275,
  "accuracy_history": [
    75.0,
    81.27,
    81.21000000000001,
    94.52000000000001,
    92.85,
    98.04,
    97.7,
    96.15,
    96.08,
    96.13000000000001,
    98.35000000000001,
    98.46000000000001,
    97.27,
    96.96000000000001,
    95.49,
    98.21,
    97.58,
    97.35000000000001,
    98.58,
    98.56
  ],
  "per_client_final": [
    0.98989898989899,
    0.9738781703880338,
    0.9849624060150376,
    0.9995612752266745,
    0.9975961538461539,
    0.9620281946339245,
    0.9971969166082691,
    0.9892839342083403,
    0.9704819277108434,
    0.9777021276595744
  ],
  "target_accuracy": 85.0,
  "target_reached": true,
  "experiment_id": "random_mnist_a0.1_s42",
  "strategy": "random",
  "dataset": "mnist",
  "alpha": 0.1,
  "seed": 42,
  "total_time_seconds": 1320.75,
  "global_accuracy": 98.56,
  "gini_coefficient": 0.006961
}