{
  "A1_global_accuracy": 60.63,
  "A2_rounds_to_target": null,
  "B1_accuracy_variance": 0.182723,
  "B2_gini_coefficient": 0.166171,
  "B3_participation_fairness": 2.19089,
  "accuracy_history": [
    11.15,
    23.09,
    36.14,
    46.379999999999995,
    33.4,
    47.25,
    37.18,
    37.940000000000005,
    39.58,
    45.83,
    45.17,
    56.620000000000005,
    56.55,
    51.77,
    54.98,
    57.19,
    58.709999999999994,
    62.83,
    65.46,
    60.629999999999995
  ],
  "per_client_final": [
    0.775796866558617,
    0.9098880597014926,
    0.37613739763421294,
    0.5630983463881636,
    0.7968193686209352,
    0.8051139157515161,
    0.43629697525206235,
    0.4980879541108987,
    0.4036144578313253,
    0.6645550527903469
  ],
  "target_accuracy": 70.0,
  "target_reached": false,
  "experiment_id": "random_cifar10_a0.1_s123",
  "strategy": "random",
  "dataset": "cifar10",
  "alpha": 0.1,
  "seed": 123,
  "total_time_seconds": 518.1,
  "global_accuracy": 60.63,
  "gini_coefficient": 0.166171
}