{
  "A1_global_accuracy": 69.25,
  "A2_rounds_to_target": null,
  "B1_accuracy_variance": 0.10889,
  "B2_gini_coefficient": 0.079059,
  "B3_participation_fairness": 10.0,
  "accuracy_history": [
    14.35,
    37.29,
    46.57,
    56.10000000000001,
    60.550000000000004,
    63.43,
    64.05,
    66.73,
    67.27,
    67.21000000000001,
    68.25,
    68.8,
    68.99,
    69.3,
    68.93,
    69.26,
    67.92,
    69.12,
    69.8,
    69.25
  ],
  "per_client_final": [
    0.7223695844385499,
    0.6610205831903945,
    0.8553668359306601,
    0.6345454545454545,
    0.7009692720148484,
    0.8691337605954104,
    0.6522732465158785,
    0.820414977343191,
    0.9191282420749279,
    0.9312420785804816
  ],
  "target_accuracy": 70.0,
  "target_reached": false,
  "experiment_id": "performance_cifar10_a1.0_s123",
  "strategy": "performance",
  "dataset": "cifar10",
  "alpha": 1.0,
  "seed": 123,
  "total_time_seconds": 413.3,
  "global_accuracy": 69.25,
  "gini_coefficient": 0.079059
}