{
  "A1_global_accuracy": 98.84,
  "A2_rounds_to_target": 1,
  "B1_accuracy_variance": 0.006242,
  "B2_gini_coefficient": 0.003456,
  "B3_participation_fairness": 10.0,
  "accuracy_history": [
    94.57,
    96.99,
    98.32,
    98.55000000000001,
    98.53,
    98.68,
    98.65,
    98.71,
    98.79,
    98.79,
    98.76,
    98.76,
    98.74000000000001,
    98.74000000000001,
    98.77,
    98.74000000000001,
    98.83999999999999,
    98.79,
    98.8,
    98.83999999999999
  ],
  "per_client_final": [
    0.9856998411093456,
    0.9991850040749797,
    0.9972100921882582,
    0.9985966881841145,
    0.9972144846796658,
    0.9847808441558441,
    0.988885291895975,
    0.9832902931794015,
    0.9849187935034803,
    0.9958146023872267
  ],
  "target_accuracy": 85.0,
  "target_reached": true,
  "experiment_id": "performance_mnist_a0.5_s123",
  "strategy": "performance",
  "dataset": "mnist",
  "alpha": 0.5,
  "seed": 123,
  "total_time_seconds": 257.47,
  "global_accuracy": 98.84,
  "gini_coefficient": 0.003456
}