{
  "A1_global_accuracy": 98.98,
  "A2_rounds_to_target": 1,
  "B1_accuracy_variance": 0.006951,
  "B2_gini_coefficient": 0.003718,
  "B3_participation_fairness": 10.0,
  "accuracy_history": [
    96.02000000000001,
    98.00999999999999,
    98.27,
    98.55000000000001,
    98.71,
    98.74000000000001,
    98.83999999999999,
    98.94,
    98.9,
    98.92999999999999,
    98.98,
    98.96000000000001,
    98.95,
    99.03,
    99.0,
    99.03,
    99.0,
    98.99,
    99.02,
    98.98
  ],
  "per_client_final": [
    0.9994196169471852,
    0.9992915338292596,
    0.9865477408977921,
    0.9997933457325894,
    0.9860879243183083,
    0.9998362802881466,
    0.9998175182481752,
    0.9834384858044164,
    0.9887057952231069,
    0.9849904074032276
  ],
  "target_accuracy": 85.0,
  "target_reached": true,
  "experiment_id": "performance_mnist_a1.0_s456",
  "strategy": "performance",
  "dataset": "mnist",
  "alpha": 1.0,
  "seed": 456,
  "total_time_seconds": 232.72,
  "global_accuracy": 98.98,
  "gini_coefficient": 0.003718
}